link,name,adr,price,price_for_m2,total_area
https://www.topreality.sk/1-izbovy-apartman-s-terasou-v-novostavbe-na-ulici-mlynske-nivy-ruzinov-r8422244.html,"1-izbový apartmán s terasou v novostavbe na ulici Mlynské Nivy, Ružinov",hraničnáružinov,188162.0,5099.252,37.0
https://www.topreality.sk/1-izbovy-apartman-v-ruzinove-bonus-na-zariadenie-apartmanu-10-000-eur-r8284285.html,1-izbový apartmán v Ružinove   BONUS na zariadenie apartmánu 10 000 EUR,svätoplukovaružinov,252749.0,6868.172,37.0
https://www.topreality.sk/1-izbovy-apartman-v-ruzinove-bonus-na-zariadenie-apartmanu-10-000-eur-r8284286.html,1-izbový apartmán v Ružinove   BONUS na zariadenie apartmánu 10 000 EUR,svätoplukovaružinov,248467.0,6751.832,37.0
https://www.topreality.sk/1-izbovy-apartman-v-ruzinove-bonus-na-zariadenie-apartmanu-10-000-eur-r8434664.html,1-izbový apartmán v Ružinove   BONUS na zariadenie apartmánu 10 000 EUR,svätoplukovaružinov,235664.0,6403.922,37.0
https://www.topreality.sk/1-izbovy-apartman-v-ruzinove-bonus-na-zariadenie-apartmanu-10-000-eur-r8431249.html,1-izbový apartmán v Ružinove   BONUS na zariadenie apartmánu 10 000 EUR,mlynskénivyružinov,204772.0,4958.162,41.0
https://www.topreality.sk/1-izbovy-apartman-v-ruzinove-bonus-na-zariadenie-apartmanu-10-000-eur-r8431245.html,1-izbový apartmán v Ružinove   BONUS na zariadenie apartmánu 10 000 EUR,mlynskénivyružinov,203245.0,4921.192,41.0
https://www.topreality.sk/1-izbovy-apartman-v-ruzinove-bonus-na-zariadenie-apartmanu-10-000-eur-r8430392.html,1-izbový apartmán v Ružinove   BONUS na zariadenie apartmánu 10 000 EUR,mlynskénivyružinov,198246.0,4800.152,41.0
https://www.topreality.sk/1-izbovy-apartman-v-ruzinove-bonus-na-zariadenie-apartmanu-10-000-eur-r8431242.html,1-izbový apartmán v Ružinove   BONUS na zariadenie apartmánu 10 000 EUR,mlynskénivyružinov,201712.0,4884.072,41.0
https://www.topreality.sk/1-izbovy-apartman-v-ruzinove-bonus-na-zariadenie-apartmanu-10-000-eur-r8430384.html,1-izbový apartmán v Ružinove   BONUS na zariadenie apartmánu 10 000 EUR,mlynskénivyružinov,212438.0,5143.782,41.0
https://www.topreality.sk/1-izbovy-apartman-v-ruzinove-bonus-na-zariadenie-apartmanu-10-000-eur-r8430385.html,1-izbový apartmán v Ružinove   BONUS na zariadenie apartmánu 10 000 EUR,mlynskénivyružinov,209895.0,5082.212,41.0
https://www.topreality.sk/1-izbovy-apartman-v-novostavbe-na-ulici-mlynske-nivy-ruzinov-r8422246.html,"1-izbový apartmán v novostavbe na ulici Mlynské Nivy, Ružinov",hraničnáružinov,166639.0,4515.972,37.0
https://www.topreality.sk/1-izbovy-apartman-v-novostavbe-na-ulici-mlynske-nivy-ruzinov-r8422264.html,"1-izbový apartmán v novostavbe na ulici Mlynské Nivy, Ružinov",hraničnáružinov,177043.0,4797.922,37.0
https://www.topreality.sk/1-izbovy-apartman-v-novostavbe-na-ulici-mlynske-nivy-ruzinov-r8386464.html,"1-izbový apartmán v novostavbe na ulici Mlynské Nivy, Ružinov",hraničnáružinov,132827.0,4710.172,28.0
https://www.topreality.sk/1-izbovy-apartman-v-novostavbe-na-ulici-mlynske-nivy-ruzinov-r8386458.html,"1-izbový apartmán v novostavbe na ulici Mlynské Nivy, Ružinov",hraničnáružinov,132182.0,4687.322,28.0
https://www.topreality.sk/1-izbovy-apartman-v-novostavbe-na-ulici-mlynske-nivy-ruzinov-r8422271.html,"1-izbový apartmán v novostavbe na ulici Mlynské Nivy, Ružinov",hraničnáružinov,179618.0,4867.712,37.0
https://www.topreality.sk/1-izbovy-apartman-v-novostavbe-na-ulici-mlynske-nivy-ruzinov-r8386455.html,"1-izbový apartmán v novostavbe na ulici Mlynské Nivy, Ružinov",hraničnáružinov,130147.0,4615.152,28.0
https://www.topreality.sk/1-izbovy-apartman-v-novostavbe-na-ulici-mlynske-nivy-ruzinov-r8386448.html,"1-izbový apartmán v novostavbe na ulici Mlynské Nivy, Ružinov",hraničnáružinov,131459.0,4661.662,28.0
https://www.topreality.sk/1-izbovy-svetly-byt-po-rekonstrukcii-garsonka-na-predaj-na-florianskom-namesti-v-bratislave-stare-mesto-r7995108.html,1-izbový svetlý byt po rekonštrukcii (garsónka) na predaj na Floriánskom námestí v Bratislave – Staré Mesto,floriánskenámestiestarémesto,16900055.0,4970.592,34.0
https://www.topreality.sk/2-izb-slnecny-byt-na-komarnickej-ul-r8484971.html,2 - izb. slnečný byt na Komárnickej ul.,komárnickáružinov,170000196.0,3043.872,56.0
https://www.topreality.sk/2-izbovy-rekonstruovany-byt-pri-jazere-strkovec-r8503068.html,"2 IZBOVÝ REKONŠTRUOVANÝ BYT PRI JAZERE, ŠTRKOVEC",stropkovskáružinov,224000150.0,4000.002,56.0
https://www.topreality.sk/2-izb-byt-moldavska-ul-3-3-posch-balkon-r8527019.html,"2 izb. byt Moldavská ul., 3/3 posch., balkón",moldavskáružinov,175000150.0,3301.892,53.0
https://www.topreality.sk/2-izb-byt-v-projekte-zuckermandel-r8469120.html,2 izb. byt v projekte Zuckermandel,žižkovastarémesto,285000170.0,6627.912,43.0
https://www.nehnutelnosti.sk/4715803/2-izbovy-byt-s-balkonom-v-premiovej-lokalite/,2 izbový byt s balkónom v prémiovej lokalite,záhorskábystrica,188000.0,3656.88,51.41
https://www.topreality.sk/2-izbovy-apartman-s-balkonom-v-novostavbe-na-ulici-mlynske-nivy-ruzinov-r8384786.html,"2-izbový apartmán s balkónom v novostavbe na ulici Mlynské Nivy, Ružinov",hraničnáružinov,184555.0,4138.012,45.0
https://www.topreality.sk/2-izbovy-apartman-s-balkonom-v-novostavbe-na-ulici-mlynske-nivy-ruzinov-r8422257.html,"2-izbový apartmán s balkónom v novostavbe na ulici Mlynské Nivy, Ružinov",hraničnáružinov,185144.0,4207.832,44.0
https://www.topreality.sk/2-izbovy-apartman-s-balkonom-v-novostavbe-na-ulici-mlynske-nivy-ruzinov-r8422262.html,"2-izbový apartmán s balkónom v novostavbe na ulici Mlynské Nivy, Ružinov",hraničnáružinov,185839.0,4166.802,45.0
https://www.topreality.sk/2-izbovy-apartman-s-balkonom-v-novostavbe-na-ulici-mlynske-nivy-ruzinov-r8422240.html,"2-izbový apartmán s balkónom v novostavbe na ulici Mlynské Nivy, Ružinov",hraničnáružinov,171323.0,3841.322,45.0
https://www.topreality.sk/2-izbovy-apartman-s-balkonom-v-novostavbe-na-ulici-mlynske-nivy-ruzinov-r8384772.html,"2-izbový apartmán s balkónom v novostavbe na ulici Mlynské Nivy, Ružinov",hraničnáružinov,170266.0,3869.672,44.0
https://www.topreality.sk/2-izbovy-apartman-s-balkonom-v-novostavbe-na-ulici-mlynske-nivy-ruzinov-r8422277.html,"2-izbový apartmán s balkónom v novostavbe na ulici Mlynské Nivy, Ružinov",hraničnáružinov,202415.0,3930.382,52.0
https://www.topreality.sk/2-izbovy-apartman-s-balkonom-v-novostavbe-na-ulici-mlynske-nivy-ruzinov-r8384747.html,"2-izbový apartmán s balkónom v novostavbe na ulici Mlynské Nivy, Ružinov",hraničnáružinov,187646.0,3861.022,49.0
https://www.topreality.sk/2-izbovy-apartman-s-balkonom-v-novostavbe-na-ulici-mlynske-nivy-ruzinov-r8384743.html,"2-izbový apartmán s balkónom v novostavbe na ulici Mlynské Nivy, Ružinov",hraničnáružinov,189765.0,3904.632,49.0
https://www.topreality.sk/2-izbovy-apartman-s-balkonom-v-novostavbe-na-ulici-mlynske-nivy-ruzinov-r8422269.html,"2-izbový apartmán s balkónom v novostavbe na ulici Mlynské Nivy, Ružinov",hraničnáružinov,195001.0,4012.372,49.0
https://www.topreality.sk/2-izbovy-apartman-s-balkonom-v-novostavbe-na-ulici-mlynske-nivy-ruzinov-r8422268.html,"2-izbový apartmán s balkónom v novostavbe na ulici Mlynské Nivy, Ružinov",hraničnáružinov,201307.0,4575.162,44.0
https://www.topreality.sk/2-izbovy-apartman-s-balkonom-v-novostavbe-na-ulici-mlynske-nivy-ruzinov-r8386465.html,"2-izbový apartmán s balkónom v novostavbe na ulici Mlynské Nivy, Ružinov",hraničnáružinov,193618.0,3992.122,49.0
https://www.topreality.sk/2-izbovy-apartman-s-balkonom-v-novostavbe-na-ulici-mlynske-nivy-ruzinov-r8422261.html,"2-izbový apartmán s balkónom v novostavbe na ulici Mlynské Nivy, Ružinov",hraničnáružinov,203764.0,3956.572,52.0
https://www.topreality.sk/2-izbovy-apartman-s-balkonom-v-novostavbe-na-ulici-mlynske-nivy-ruzinov-r8422258.html,"2-izbový apartmán s balkónom v novostavbe na ulici Mlynské Nivy, Ružinov",hraničnáružinov,202580.0,3933.602,52.0
https://www.topreality.sk/2-izbovy-apartman-s-balkonom-v-novostavbe-na-ulici-mlynske-nivy-ruzinov-r8422247.html,"2-izbový apartmán s balkónom v novostavbe na ulici Mlynské Nivy, Ružinov",hraničnáružinov,201854.0,3919.502,52.0
https://www.topreality.sk/2-izbovy-apartman-s-balkonom-v-novostavbe-na-ulici-mlynske-nivy-ruzinov-r8422273.html,"2-izbový apartmán s balkónom v novostavbe na ulici Mlynské Nivy, Ružinov",hraničnáružinov,200402.0,3898.882,51.0
https://www.topreality.sk/2-izbovy-apartman-s-balkonom-v-novostavbe-na-ulici-mlynske-nivy-ruzinov-r8422252.html,"2-izbový apartmán s balkónom v novostavbe na ulici Mlynské Nivy, Ružinov",hraničnáružinov,183838.0,4178.132,44.0
https://www.topreality.sk/2-izbovy-apartman-s-balkonom-v-novostavbe-na-ulici-mlynske-nivy-ruzinov-r8422249.html,"2-izbový apartmán s balkónom v novostavbe na ulici Mlynské Nivy, Ružinov",hraničnáružinov,198781.0,4517.752,44.0
https://www.topreality.sk/2-izbovy-apartman-s-balkonom-v-novostavbe-na-ulici-mlynske-nivy-ruzinov-r8422280.html,"2-izbový apartmán s balkónom v novostavbe na ulici Mlynské Nivy, Ružinov",hraničnáružinov,184021.0,4126.042,45.0
https://www.topreality.sk/2-izbovy-apartman-s-balkonom-v-novostavbe-na-ulici-mlynske-nivy-ruzinov-r8386313.html,"2-izbový apartmán s balkónom v novostavbe na ulici Mlynské Nivy, Ružinov",hraničnáružinov,193217.0,3975.652,49.0
https://www.topreality.sk/2-izbovy-apartman-s-balkonom-v-novostavbe-na-ulici-mlynske-nivy-ruzinov-r8386457.html,"2-izbový apartmán s balkónom v novostavbe na ulici Mlynské Nivy, Ružinov",hraničnáružinov,200906.0,4494.552,45.0
https://www.topreality.sk/2-izbovy-apartman-s-balkonom-v-novostavbe-na-ulici-mlynske-nivy-ruzinov-r8386453.html,"2-izbový apartmán s balkónom v novostavbe na ulici Mlynské Nivy, Ružinov",hraničnáružinov,199616.0,3876.052,52.0
https://www.topreality.sk/2-izbovy-apartman-s-balkonom-v-novostavbe-na-ulici-mlynske-nivy-ruzinov-r8422253.html,"2-izbový apartmán s balkónom v novostavbe na ulici Mlynské Nivy, Ružinov",hraničnáružinov,184196.0,4157.932,44.0
https://www.topreality.sk/2-izbovy-apartman-s-balkonom-v-novostavbe-na-ulici-mlynske-nivy-ruzinov-r8386315.html,"2-izbový apartmán s balkónom v novostavbe na ulici Mlynské Nivy, Ružinov",hraničnáružinov,170092.0,3839.542,44.0
https://www.topreality.sk/2-izbovy-apartman-s-balkonom-v-novostavbe-na-ulici-mlynske-nivy-ruzinov-r8386312.html,"2-izbový apartmán s balkónom v novostavbe na ulici Mlynské Nivy, Ružinov",hraničnáružinov,191743.0,3945.332,49.0
https://www.topreality.sk/2-izbovy-apartman-s-balkonom-v-novostavbe-na-ulici-mlynske-nivy-ruzinov-r8386316.html,"2-izbový apartmán s balkónom v novostavbe na ulici Mlynské Nivy, Ružinov",hraničnáružinov,171253.0,3865.762,44.0
https://www.topreality.sk/2-izbovy-apartman-s-balkonom-v-novostavbe-na-ulici-mlynske-nivy-ruzinov-r8422245.html,"2-izbový apartmán s balkónom v novostavbe na ulici Mlynské Nivy, Ružinov",hraničnáružinov,186293.0,3833.192,49.0
https://www.topreality.sk/2-izbovy-apartman-s-balkonom-v-novostavbe-na-ulici-mlynske-nivy-ruzinov-r8422243.html,"2-izbový apartmán s balkónom v novostavbe na ulici Mlynské Nivy, Ružinov",hraničnáružinov,197635.0,4421.372,45.0
https://www.topreality.sk/2-izbovy-apartman-s-balkonom-v-novostavbe-na-ulici-mlynske-nivy-ruzinov-r8422260.html,"2-izbový apartmán s balkónom v novostavbe na ulici Mlynské Nivy, Ružinov",hraničnáružinov,202142.0,4522.202,45.0
https://www.topreality.sk/2-izbovy-apartman-s-balkonom-v-novostavbe-na-ulici-mlynske-nivy-ruzinov-r8422267.html,"2-izbový apartmán s balkónom v novostavbe na ulici Mlynské Nivy, Ružinov",hraničnáružinov,184837.0,4200.852,44.0
https://www.topreality.sk/2-izbovy-apartman-s-balkonom-v-novostavbe-na-ulici-mlynske-nivy-ruzinov-r8386452.html,"2-izbový apartmán s balkónom v novostavbe na ulici Mlynské Nivy, Ružinov",hraničnáružinov,199493.0,4462.932,45.0
https://www.topreality.sk/2-izbovy-apartman-s-balkonom-v-novostavbe-na-ulici-mlynske-nivy-ruzinov-r8422272.html,"2-izbový apartmán s balkónom v novostavbe na ulici Mlynské Nivy, Ružinov",hraničnáružinov,184238.0,4196.772,44.0
https://www.topreality.sk/2-izbovy-apartman-s-balkonom-v-novostavbe-na-ulici-mlynske-nivy-ruzinov-r8422275.html,"2-izbový apartmán s balkónom v novostavbe na ulici Mlynské Nivy, Ružinov",hraničnáružinov,171130.0,3871.712,44.0
https://www.topreality.sk/2-izbovy-apartman-s-balkonom-v-novostavbe-na-ulici-mlynske-nivy-ruzinov-r8422276.html,"2-izbový apartmán s balkónom v novostavbe na ulici Mlynské Nivy, Ružinov",hraničnáružinov,189929.0,4137.882,46.0
https://www.topreality.sk/2-izbovy-apartman-s-balkonom-v-novostavbe-na-ulici-mlynske-nivy-ruzinov-r8384808.html,"2-izbový apartmán s balkónom v novostavbe na ulici Mlynské Nivy, Ružinov",hraničnáružinov,188672.0,4110.512,46.0
https://www.topreality.sk/2-izbovy-apartman-s-balkonom-v-novostavbe-na-ulici-mlynske-nivy-ruzinov-r8386446.html,"2-izbový apartmán s balkónom v novostavbe na ulici Mlynské Nivy, Ružinov",hraničnáružinov,191399.0,3716.482,52.0
https://www.topreality.sk/2-izbovy-apartman-s-balkonom-v-novostavbe-na-ulici-mlynske-nivy-ruzinov-r8384784.html,"2-izbový apartmán s balkónom v novostavbe na ulici Mlynské Nivy, Ružinov",hraničnáružinov,183287.0,4109.572,45.0
https://www.topreality.sk/2-izbovy-apartman-s-balkonom-v-novostavbe-na-ulici-mlynske-nivy-ruzinov-r8422278.html,"2-izbový apartmán s balkónom v novostavbe na ulici Mlynské Nivy, Ružinov",hraničnáružinov,201388.0,4576.992,44.0
https://www.topreality.sk/2-izbovy-apartman-s-balkonom-v-novostavbe-na-ulici-mlynske-nivy-ruzinov-r8384745.html,"2-izbový apartmán s balkónom v novostavbe na ulici Mlynské Nivy, Ružinov",hraničnáružinov,197540.0,3835.722,52.0
https://www.topreality.sk/2-izbovy-apartman-s-balkonom-v-novostavbe-na-ulici-mlynske-nivy-ruzinov-r8386466.html,"2-izbový apartmán s balkónom v novostavbe na ulici Mlynské Nivy, Ružinov",hraničnáružinov,203366.0,4549.582,45.0
https://www.topreality.sk/2-izbovy-apartman-s-balkonom-v-novostavbe-na-ulici-mlynske-nivy-ruzinov-r8384760.html,"2-izbový apartmán s balkónom v novostavbe na ulici Mlynské Nivy, Ružinov",hraničnáružinov,189468.0,3906.562,49.0
https://www.topreality.sk/2-izbovy-apartman-s-balkonom-v-novostavbe-na-ulici-mlynske-nivy-ruzinov-r8384763.html,"2-izbový apartmán s balkónom v novostavbe na ulici Mlynské Nivy, Ružinov",hraničnáružinov,181136.0,4061.332,45.0
https://www.topreality.sk/2-izbovy-apartman-s-balkonom-v-novostavbe-na-ulici-mlynske-nivy-ruzinov-r8384765.html,"2-izbový apartmán s balkónom v novostavbe na ulici Mlynské Nivy, Ružinov",hraničnáružinov,198086.0,3846.322,52.0
https://www.topreality.sk/2-izbovy-apartman-s-balkonom-v-novostavbe-na-ulici-mlynske-nivy-ruzinov-r8384770.html,"2-izbový apartmán s balkónom v novostavbe na ulici Mlynské Nivy, Ružinov",hraničnáružinov,180841.0,4082.192,44.0
https://www.topreality.sk/2-izbovy-apartman-s-balkonom-v-novostavbe-na-ulici-mlynske-nivy-ruzinov-r8384748.html,"2-izbový apartmán s balkónom v novostavbe na ulici Mlynské Nivy, Ružinov",hraničnáružinov,185938.0,4050.932,46.0
https://www.topreality.sk/2-izbovy-apartman-s-balkonom-v-novostavbe-na-ulici-mlynske-nivy-ruzinov-r8384754.html,"2-izbový apartmán s balkónom v novostavbe na ulici Mlynské Nivy, Ružinov",hraničnáružinov,180033.0,4091.652,44.0
https://www.topreality.sk/2-izbovy-apartman-s-balkonom-v-novostavbe-na-ulici-mlynske-nivy-ruzinov-r8384755.html,"2-izbový apartmán s balkónom v novostavbe na ulici Mlynské Nivy, Ružinov",hraničnáružinov,202574.0,4531.852,45.0
https://www.topreality.sk/2-izbovy-apartman-s-balkonom-v-novostavbe-na-ulici-mlynske-nivy-ruzinov-r8384757.html,"2-izbový apartmán s balkónom v novostavbe na ulici Mlynské Nivy, Ružinov",hraničnáružinov,180764.0,4043.932,45.0
https://www.topreality.sk/2-izbovy-apartman-s-balkonom-v-novostavbe-na-ulici-mlynske-nivy-ruzinov-r8384759.html,"2-izbový apartmán s balkónom v novostavbe na ulici Mlynské Nivy, Ružinov",hraničnáružinov,184716.0,4024.322,46.0
https://www.topreality.sk/2-izbovy-apartman-s-balkonom-v-novostavbe-na-ulici-mlynske-nivy-ruzinov-r8384764.html,"2-izbový apartmán s balkónom v novostavbe na ulici Mlynské Nivy, Ružinov",hraničnáružinov,180389.0,4109.092,44.0
https://www.topreality.sk/2-izbovy-apartman-v-ruzinove-bonus-na-zariadenie-apartmanu-10-000-eur-r8209227.html,2-izbový apartmán v Ružinove   BONUS na zariadenie apartmánu 10 000 EUR,mlynskénivyružinov,230338.0,4379.052,53.0
https://www.topreality.sk/2-izbovy-apartman-v-ruzinove-bonus-na-zariadenie-apartmanu-10-000-eur-r8209216.html,2-izbový apartmán v Ružinove   BONUS na zariadenie apartmánu 10 000 EUR,mlynskénivyružinov,239441.0,4450.572,54.0
https://www.topreality.sk/2-izbovy-apartman-v-ruzinove-bonus-na-zariadenie-apartmanu-10-000-eur-r8430391.html,2-izbový apartmán v Ružinove   BONUS na zariadenie apartmánu 10 000 EUR,mlynskénivyružinov,231660.0,4305.942,54.0
https://www.topreality.sk/2-izbovy-apartman-v-ruzinove-bonus-na-zariadenie-apartmanu-10-000-eur-r8430388.html,2-izbový apartmán v Ružinove   BONUS na zariadenie apartmánu 10 000 EUR,mlynskénivyružinov,253159.0,4822.082,53.0
https://www.topreality.sk/2-izbovy-apartman-v-ruzinove-bonus-na-zariadenie-apartmanu-10-000-eur-r8431243.html,2-izbový apartmán v Ružinove   BONUS na zariadenie apartmánu 10 000 EUR,mlynskénivyružinov,243789.0,4643.612,53.0
https://www.topreality.sk/2-izbovy-apartman-v-ruzinove-bonus-na-zariadenie-apartmanu-10-000-eur-r8430387.html,2-izbový apartmán v Ružinove   BONUS na zariadenie apartmánu 10 000 EUR,mlynskénivyružinov,253874.0,4727.642,54.0
https://www.topreality.sk/2-izbovy-apartman-v-ruzinove-bonus-na-zariadenie-apartmanu-10-000-eur-r8430383.html,2-izbový apartmán v Ružinove   BONUS na zariadenie apartmánu 10 000 EUR,mlynskénivyružinov,250947.0,4664.452,54.0
https://www.topreality.sk/2-izbovy-apartman-v-ruzinove-bonus-na-zariadenie-apartmanu-10-000-eur-r8430382.html,2-izbový apartmán v Ružinove   BONUS na zariadenie apartmánu 10 000 EUR,mlynskénivyružinov,239285.0,4549.152,53.0
https://www.topreality.sk/2-izbovy-apartman-v-ruzinove-bonus-na-zariadenie-apartmanu-10-000-eur-r8208707.html,2-izbový apartmán v Ružinove   BONUS na zariadenie apartmánu 10 000 EUR,mlynskénivyružinov,241051.0,4480.502,54.0
https://www.topreality.sk/2-izbovy-apartman-v-ruzinove-bonus-na-zariadenie-apartmanu-10-000-eur-r8431244.html,2-izbový apartmán v Ružinove   BONUS na zariadenie apartmánu 10 000 EUR,mlynskénivyružinov,241780.0,4494.062,54.0
https://www.topreality.sk/2-izbovy-apartman-v-ruzinove-bonus-na-zariadenie-apartmanu-10-000-eur-r8430393.html,2-izbový apartmán v Ružinove   BONUS na zariadenie apartmánu 10 000 EUR,mlynskénivyružinov,238592.0,4535.972,53.0
https://www.topreality.sk/2-izbovy-apartman-v-ruzinove-bonus-na-zariadenie-apartmanu-10-000-eur-r8431247.html,2-izbový apartmán v Ružinove   BONUS na zariadenie apartmánu 10 000 EUR,mlynskénivyružinov,243851.0,4532.552,54.0
https://www.topreality.sk/2-izbovy-apartman-v-ruzinove-bonus-na-zariadenie-apartmanu-10-000-eur-r8430381.html,2-izbový apartmán v Ružinove   BONUS na zariadenie apartmánu 10 000 EUR,mlynskénivyružinov,250634.0,4658.622,54.0
https://www.topreality.sk/2-izbovy-apartman-v-ruzinove-bonus-na-zariadenie-apartmanu-10-000-eur-r8430389.html,2-izbový apartmán v Ružinove   BONUS na zariadenie apartmánu 10 000 EUR,mlynskénivyružinov,239150.0,4445.172,54.0
https://www.topreality.sk/2-izbovy-apartman-v-ruzinove-bonus-na-zariadenie-apartmanu-10-000-eur-r8430380.html,2-izbový apartmán v Ružinove   BONUS na zariadenie apartmánu 10 000 EUR,mlynskénivyružinov,249736.0,4747.842,53.0
https://www.topreality.sk/2-izbovy-apartman-v-ruzinove-bonus-na-zariadenie-apartmanu-10-000-eur-r8431239.html,2-izbový apartmán v Ružinove   BONUS na zariadenie apartmánu 10 000 EUR,mlynskénivyružinov,245824.0,4577.732,54.0
https://www.topreality.sk/2-izbovy-apartman-v-ruzinove-bonus-na-zariadenie-apartmanu-15-000-eur-r8284282.html,2-izbový apartmán v Ružinove   BONUS na zariadenie apartmánu 15 000 EUR,svätoplukovaružinov,357796.0,7778.172,46.0
https://www.topreality.sk/2-izbovy-apartman-v-ruzinove-bonus-na-zariadenie-apartmanu-15-000-eur-r8284292.html,2-izbový apartmán v Ružinove   BONUS na zariadenie apartmánu 15 000 EUR,svätoplukovaružinov,338755.0,7253.862,47.0
https://www.topreality.sk/2-izbovy-apartman-v-ruzinove-bonus-na-zariadenie-apartmanu-15-000-eur-r8284290.html,2-izbový apartmán v Ružinove   BONUS na zariadenie apartmánu 15 000 EUR,svätoplukovaružinov,446573.0,9207.692,49.0
https://www.topreality.sk/2-izbovy-apartman-v-ruzinove-bonus-na-zariadenie-apartmanu-15-000-eur-r8284287.html,2-izbový apartmán v Ružinove   BONUS na zariadenie apartmánu 15 000 EUR,svätoplukovaružinov,426488.0,8941.062,48.0
https://www.topreality.sk/2-izbovy-apartman-v-ruzinove-bonus-na-zariadenie-apartmanu-15-000-eur-r8284288.html,2-izbový apartmán v Ružinove   BONUS na zariadenie apartmánu 15 000 EUR,svätoplukovaružinov,361322.0,5781.162,63.0
https://www.topreality.sk/2-izbovy-apartman-v-ruzinove-bonus-na-zariadenie-apartmanu-15-000-eur-r8284278.html,2-izbový apartmán v Ružinove   BONUS na zariadenie apartmánu 15 000 EUR,svätoplukovaružinov,364504.0,7923.992,46.0
https://www.topreality.sk/2-izbovy-byt-v-ruzinove-bonus-na-zariadenie-bytu-15-000-eur-r8284294.html,2-izbový byt v Ružinove   BONUS na zariadenie bytu 15 000 EUR,svätoplukovaružinov,436037.0,8074.762,54.0
https://www.topreality.sk/2-izbovy-byt-vo-vyhladavanej-lokalite-ruzinova-v-bratislave-r8486343.html,2-izbový byt vo vyhľadávanej lokalite Ružinova v Bratislave,jašíkovaružinov,179000140.0,2712.122,66.0
https://www.topreality.sk/2izbovy-byt-s-balkonom-v-prijemnej-casti-nove-mesto-bratislava-na-predaj-r8254857.html,2izbový byt s balkónom v príjemnej časti Nové Mesto - Bratislava na predaj.,sibírskanovémesto,185000170.0,3557.692,52.0
https://www.topreality.sk/3-izb-byt-s-balkonom-v-novostavbe-na-tomasikovej-ulici-v-bratislave-r8529549.html,3 izb byt s balkónom v novostavbe na Tomášikovej ulici v Bratislave.,tomášikovanovémesto,310000150.0,4133.332,75.0
https://www.topreality.sk/3-izb-byt-bazovskeho-ul-3-4-posch-velka-loggia-a-komora-r8472125.html,"3 izb. byt Bazovského ul., 3/4 posch., VEĽKÁ LOGGIA a komora",bazovskéhodúbravka,169999200.0,2277.892,75.0
https://www.topreality.sk/3-izbovy-byt-s-garazou-bratislava-dubravka-predaj-r8521518.html,3 izbový byt s garážou Bratislava - Dúbravka - PREDAJ,bílikovadúbravka,195000250.0,3046.882,64.0
https://www.nehnutelnosti.sk/4715772/3-izbovy-byt-s-predzahradkou-v-premiovej-lokalite/,3 izbový byt s predzáhradkou v prémiovej lokalite,záhorskábystrica,362000.0,3640.39,99.44
https://www.topreality.sk/3-izb-po-kompletnej-reko-pri-novej-elektricke-r8521729.html,3-izb. po kompletnej reko pri novej električke,vígľašskápetržalka,210000230.0,3180.852,66.0
https://www.topreality.sk/3-izbovy-apartman-s-balkonom-a-terasou-v-novostavbe-na-ulici-mlynske-nivy-ruzinov-r8422274.html,"3-izbový apartmán s balkónom a terasou v novostavbe na ulici Mlynské Nivy, Ružinov",hraničnáružinov,300670.0,4326.192,70.0
https://www.topreality.sk/3-izbovy-apartman-s-balkonom-v-novostavbe-na-ulici-mlynske-nivy-ruzinov-r8384798.html,"3-izbový apartmán s balkónom v novostavbe na ulici Mlynské Nivy, Ružinov",hraničnáružinov,249123.0,4201.062,59.0
https://www.topreality.sk/3-izbovy-apartman-s-balkonom-v-novostavbe-na-ulici-mlynske-nivy-ruzinov-r8384803.html,"3-izbový apartmán s balkónom v novostavbe na ulici Mlynské Nivy, Ružinov",hraničnáružinov,243342.0,4096.672,59.0
https://www.topreality.sk/3-izbovy-apartman-s-balkonom-v-novostavbe-na-ulici-mlynske-nivy-ruzinov-r8384788.html,"3-izbový apartmán s balkónom v novostavbe na ulici Mlynské Nivy, Ružinov",hraničnáružinov,237189.0,3993.072,59.0
https://www.topreality.sk/3-izbovy-apartman-s-balkonom-v-novostavbe-na-ulici-mlynske-nivy-ruzinov-r8384775.html,"3-izbový apartmán s balkónom v novostavbe na ulici Mlynské Nivy, Ružinov",hraničnáružinov,235485.0,3964.392,59.0
https://www.topreality.sk/3-izbovy-apartman-s-balkonom-v-novostavbe-na-ulici-mlynske-nivy-ruzinov-r8421272.html,"3-izbový apartmán s balkónom v novostavbe na ulici Mlynské Nivy, Ružinov",hraničnáružinov,241135.0,4059.522,59.0
https://www.topreality.sk/3-izbovy-apartman-s-balkonom-v-novostavbe-na-ulici-mlynske-nivy-ruzinov-r8384796.html,"3-izbový apartmán s balkónom v novostavbe na ulici Mlynské Nivy, Ružinov",hraničnáružinov,246485.0,4149.592,59.0
https://www.topreality.sk/3-izbovy-apartman-s-balkonom-v-novostavbe-na-ulici-mlynske-nivy-ruzinov-r8386473.html,"3-izbový apartmán s balkónom v novostavbe na ulici Mlynské Nivy, Ružinov",hraničnáružinov,239435.0,4171.342,57.0
https://www.topreality.sk/3-izbovy-apartman-s-lodziou-v-novostavbe-na-ulici-mlynske-nivy-ruzinov-r8422250.html,"3-izbový apartmán s lodžiou v novostavbe na ulici Mlynské Nivy, Ružinov",hraničnáružinov,252197.0,4035.152,63.0
https://www.topreality.sk/3-izbovy-apartman-s-lodziou-v-novostavbe-na-ulici-mlynske-nivy-ruzinov-r8422259.html,"3-izbový apartmán s lodžiou v novostavbe na ulici Mlynské Nivy, Ružinov",hraničnáružinov,253475.0,4055.602,63.0
https://www.topreality.sk/3-izbovy-apartman-s-lodziou-v-novostavbe-na-ulici-mlynske-nivy-ruzinov-r8422242.html,"3-izbový apartmán s lodžiou v novostavbe na ulici Mlynské Nivy, Ružinov",hraničnáružinov,249713.0,3995.412,63.0
https://www.topreality.sk/3-izbovy-apartman-s-lodziou-v-novostavbe-na-ulici-mlynske-nivy-ruzinov-r8422254.html,"3-izbový apartmán s lodžiou v novostavbe na ulici Mlynské Nivy, Ružinov",hraničnáružinov,266139.0,4258.232,63.0
https://www.topreality.sk/3-izbovy-apartman-s-terasou-v-novostavbe-na-ulici-mlynske-nivy-ruzinov-r8384768.html,"3-izbový apartmán s terasou v novostavbe na ulici Mlynské Nivy, Ružinov",hraničnáružinov,273583.0,4605.782,59.0
https://www.topreality.sk/3-izbovy-apartman-s-terasou-v-novostavbe-na-ulici-mlynske-nivy-ruzinov-r8384751.html,"3-izbový apartmán s terasou v novostavbe na ulici Mlynské Nivy, Ružinov",hraničnáružinov,243566.0,4711.142,52.0
https://www.topreality.sk/3-izbovy-apartman-s-terasou-v-novostavbe-na-ulici-mlynske-nivy-ruzinov-r8422279.html,"3-izbový apartmán s terasou v novostavbe na ulici Mlynské Nivy, Ružinov",hraničnáružinov,264311.0,5112.392,52.0
https://www.topreality.sk/3-izbovy-apartman-s-terasou-v-novostavbe-na-ulici-mlynske-nivy-ruzinov-r8422239.html,"3-izbový apartmán s terasou v novostavbe na ulici Mlynské Nivy, Ružinov",hraničnáružinov,313612.0,5017.802,63.0
https://www.topreality.sk/3-izbovy-apartman-s-balkonom-v-novostavbe-na-ulici-mlynske-nivy-ruzinov-r8384752.html,"3-izbový apartmán s balkónom v novostavbe na ulici Mlynské Nivy, Ružinov",hraničnáružinov,241244.0,4061.342,59.0
https://www.topreality.sk/3-izbovy-apartman-s-dvoma-balkonmi-v-novostavbe-na-ulici-mlynske-nivy-ruzinov-r8384776.html,"3-izbový apartmán s dvoma balkónmi v novostavbe na ulici Mlynské Nivy, Ružinov",hraničnáružinov,293705.0,4225.972,70.0
https://www.topreality.sk/3-izbovy-apartman-v-ruzinove-bonus-na-zariadenie-apartmanu-10-000-eur-r8431241.html,3-izbový apartmán v Ružinove   BONUS na zariadenie apartmánu 10 000 EUR,mlynskénivyružinov,306814.0,4505.352,68.0
https://www.topreality.sk/3-izbovy-apartman-v-ruzinove-bonus-na-zariadenie-apartmanu-10-000-eur-r8431248.html,3-izbový apartmán v Ružinove   BONUS na zariadenie apartmánu 10 000 EUR,mlynskénivyružinov,313844.0,4608.582,68.0
https://www.topreality.sk/3-izbovy-apartman-v-ruzinove-bonus-na-zariadenie-apartmanu-10-000-eur-r8420066.html,3-izbový apartmán v Ružinove   BONUS na zariadenie apartmánu 10 000 EUR,mlynskénivyružinov,294904.0,4330.462,68.0
https://www.topreality.sk/3-izbovy-byt-v-ruzinove-bonus-na-zariadenie-bytu-25-000-eur-r8284279.html,3-izbový byt v Ružinove   BONUS na zariadenie bytu 25 000 EUR,svätoplukovaružinov,664853.0,6961.812,96.0
https://www.topreality.sk/3-izbovy-byt-v-ruzinove-bonus-na-zariadenie-bytu-30-000-eur-r8284277.html,3-izbový byt v Ružinove   BONUS na zariadenie bytu 30 000 EUR,svätoplukovaružinov,676961.0,7088.592,96.0
https://www.topreality.sk/3-izbovy-byt-v-ruzinove-bonus-na-zariadenie-bytu-30-000-eur-r8284275.html,3-izbový byt v Ružinove   BONUS na zariadenie bytu 30 000 EUR,svätoplukovaružinov,625112.0,6545.682,96.0
https://www.topreality.sk/3-izbovy-byt-v-ruzinove-bonus-na-zariadenie-bytu-30-000-eur-r8284281.html,3-izbový byt v Ružinove   BONUS na zariadenie bytu 30 000 EUR,svätoplukovaružinov,654008.0,6848.262,96.0
https://www.topreality.sk/4-izb-byt-s-loggiou-na-hradnom-kopci-strma-cesta-76-m2-loggia-r8480313.html,"4 izb. byt s loggiou na hradnom kopci, Strmá cesta, 76 m2 + loggia",strmácestastarémesto,288000180.0,3772.602,76.0
https://www.topreality.sk/4-izbovy-byt-raca-vychodne-loggia-kupou-volny-89-m2-r8508811.html,"4 izbový byt, Rača - Východné, loggia, kúpou voľný, 89 m2",napasekáchrača,199900140.0,2246.072,89.0
https://www.topreality.sk/4-izbovy-apartman-s-terasou-v-novostavbe-na-ulici-mlynske-nivy-ruzinov-r8384807.html,"4-izbový apartmán s terasou v novostavbe na ulici Mlynské Nivy, Ružinov",hraničnáružinov,361891.0,4718.272,77.0
https://www.topreality.sk/4-izbovy-apartman-v-ruzinove-bonus-na-zariadenie-apartmanu-10-000-eur-r8430390.html,4-izbový apartmán v Ružinove   BONUS na zariadenie apartmánu 10 000 EUR,mlynskénivyružinov,357608.0,4167.932,86.0
https://www.topreality.sk/4-izbovy-byt-v-ruzinove-bonus-na-zariadenie-bytu-30-000-eur-r8284280.html,4-izbový byt v Ružinove   BONUS na zariadenie bytu 30 000 EUR,svätoplukovaružinov,733697.0,7186.062,102.0
https://www.topreality.sk/4-izbovy-byt-v-ruzinove-bonus-na-zariadenie-bytu-40-000-eur-r8421385.html,4-izbový byt v Ružinove   BONUS na zariadenie bytu 40 000 EUR,svätoplukovaružinov,865358.0,9089.902,95.0
https://www.topreality.sk/aark-3-izbovy-byt-muskatova-bratislava-ii-ruzinov-travniky-r8513350.html,"AARK: 3 izbový byt, Muškátova, Bratislava II. - RUŽINOV - TRÁVNIKY",muškátováružinov,197000150.0,3012.232,65.0
https://www.topreality.sk/apartman-47-7m2-skladova-kobka-4-7-m2-terasa-23-5m2-dokonceny-2-podlazie-byt-c-2-5-r8050006.html,"Apartmán 47,7m2 , skladová kobka 4,7 m2, terasa 23,5m2 dokončený, 2.podlažie byt č .2/5",rybničnávajnory,229600150.0,4381.682,52.0
https://www.topreality.sk/apartman-86-56m2-skladova-kobka-4-01m2-balkon-6-24m2-holobyt-6-podlazie-byt-c-6-9-r8068532.html,"Apartmán 86,56m2, skladová kobka 4,01m2, balkón 6,24m2, holobyt, 6.podlažie byt č. 6/9",rybničnávajnory,280710220.0,3099.372,91.0
https://www.topreality.sk/apartman-86-8m2-skladova-kobka-5-m2-balkon-6-2m2-holobyt-2-podlazie-byt-c-2-9-r8050024.html,"Apartmán 86,8m2, skladová kobka 5 m2, balkón 6,2m2 holobyt, 2.podlažie byt č. 2/9",rybničnávajnory,289898220.0,3157.932,92.0
https://www.topreality.sk/byt-46-75m2-skladova-kobka-5-71m2-balkon-3-6m2-dokonceny-3-podlazie-byt-c-3-17-r8206569.html,"Byt 46,75m2, skladová kobka 5,71m2, balkón 3,6m2, dokončený, 3.podlažie byt č. 3/17",rybničnávajnory,164020150.0,3068.092,53.0
https://www.topreality.sk/byt-47-24m2-skladova-kobka-4-30m2-balkon-3-6m2-holobyt-5-podlazie-byt-c-5-15-r8068501.html,"Byt 47,24m2, skladová kobka 4,30m2, balkón 3,6m2 , holobyt, 5.podlažie byt č. 5/15",rybničnávajnory,162322150.0,3149.442,52.0
https://www.topreality.sk/byt-47-32m2-skladova-kobka-3-86m2-balkon-3-6m2-dokonceny-6-podlazie-byt-c-6-14-r8068551.html,"Byt 47,32m2, skladová kobka 3,86m2, balkón 3,6m2, dokončený, 6.podlažie byt č. 6/14",rybničnávajnory,170620150.0,3333.722,51.0
https://www.topreality.sk/byt-47-3m2-skladova-kobka-4-54m2-balkon-3-6m2-holobyt-5-podlazie-byt-c-5-16-r8068502.html,"Byt 47,3m2, skladová kobka 4,54m2, balkón 3,6m2 , holobyt, 5.podlažie byt č. 5/16",rybničnávajnory,163051150.0,3145.272,52.0
https://www.topreality.sk/byt-47-4m2-skladova-kobka-6-1-m2-terasa-23-5m2-holobyt-2-podlazie-byt-c-2-12-r8050042.html,"Byt 47,4m2, skladová kobka 6,1 m2, terasa 23,5m2 holobyt, 2 podlažie byt č. 2/12",rybničnávajnory,235032150.0,4393.122,54.0
https://www.topreality.sk/byt-47-52m2-skladova-kobka-3-56m2-balkon-3-6m2-holobyt-7-podlazie-byt-c-7-3-r8068613.html,"Byt 47,52m2, skladová kobka 3,56m2, balkón 3,6m2, holobyt, 7.podlažie byt č.7/3",rybničnávajnory,170688150.0,3341.582,51.0
https://www.topreality.sk/byt-47-5m2-skladova-kobka-5-1-m2-terasa-23-5m2-komplet-zariadeny-2-podlazie-byt-c-2-13-r8050088.html,"Byt 47,5m2, skladová kobka 5,1 m2, terasa 23,5m2 komplet zariadený, 2 podlažie byt č. 2/13",rybničnávajnory,256984150.0,4885.632,53.0
https://www.topreality.sk/byt-60-88m2-skladova-kobka-3-72m2-balkon-3-12m2-holobyt-7-podlazie-byt-c-7-10-r8068733.html,"Byt 60,88m2, skladová kobka 3,72m2, balkón 3,12m2 , holobyt, 7.podlažie byt č. 7/10",rybničnávajnory,211992200.0,3281.612,65.0
https://www.topreality.sk/byt-68-1m2-skladova-kobka-5-1m2-balkon-3-6m2-holobyt-4-podlazie-byt-c-4-2-r8050122.html,"Byt 68,1m2, skladová kobka 5,1m2, balkón 3,6m2, holobyt, 4.podlažie byt č. 4/2",rybničnávajnory,229089210.0,3129.632,73.0
https://www.topreality.sk/byt-69-40m2-skladova-kobka-4-34m2-balkon-3-04m2-holobyt-5-podlazie-byt-c-5-1-r8068489.html,"Byt 69,40m2, skladová kobka 4,34m2, balkón 3,04m2, holobyt, 5.podlažie byt č. 5/1",rybničnávajnory,235549200.0,3194.322,74.0
https://www.topreality.sk/exkluzivne-3izbovy-byt-v-tichej-casti-podunajskych-biskupic-r8433574.html,EXKLUZÍVNE - 3izbovy byt v Tichej časti Podunajských Biskupíc,ligurčekovápodunajskébiskupice,350000150.0,4117.652,85.0
https://www.topreality.sk/exkluzivny-3-izbovy-byt-o-velkosti-4-izboveho-bytu-vo-vyhladavanej-lokalite-ruzinov-na-stefunkovej-ulici-r8530548.html,EXKLUZÍVNY 3-IZBOVÝ BYT O VEĽKOSTI 4-IZBOVÉHO BYTU VO VYHĽADÁVANEJ LOKALITE RUŽINOV NA ŠTEFUNKOVEJ ULICI,štefunkovaružinov,225000150.0,2743.902,82.0
https://www.reality.sk//byty/exkluzivny-2-izbovy-byt-po-kompletnej-rekonstrukcii-v-centre-mesta/JuQOe5AAlj1Z/,Exkluzívny 2 izbový byt po kompletnej rekonštrukcii v centre mesta,špitálskastarémesto,270506.0,5190.0,52.12
https://www.topreality.sk/exkluzivny-2-izbovy-byt-po-kompletnej-rekonstrukcii-v-centre-mesta-r8494199.html,Exkluzívny 2 izbový byt po kompletnej rekonštrukcii v centre mesta,špitálskastarémesto,270506130.0,5190.062,52.0
https://www.topreality.sk/garsonka-na-riazanskej-ul-v-novom-meste-na-predaj-okna-do-dvora-r8516648.html,GARSÓNKA na Riazanskej ul. v NOVOM MESTE na predaj-okná do dvora,riazanskánovémesto,94000100.0,3760.002,25.0
https://www.topreality.sk/kolaudujeme-priestranny-3-i-apartman-s-dvomi-kupelnami-satnikom-a-balkonom-bratislava-i-stare-mesto-r7981734.html,"KOLAUDUJEME  priestranný 3 i. apartmán s dvomi kúpeľňami, šatníkom a balkónom, Bratislava I – Staré Mesto",kželeznejstudienkestarémesto,557914.0,4573.062,122.0
https://www.reality.sk//byty/kolaudujeme-priestranny-3-i-apartman-s-dvomi-kupelnami-satnikom-a-balkonom-bratislava-i-stare-mesto/JuYd4M956dQ/,"KOLAUDUJEME  priestranný 3 i. apartmán s dvomi kúpeľňami, šatníkom a balkónom, Bratislava I – Staré Mesto",kželeznejstudienkestarémesto,557913.84,4573.0,122.0
https://www.topreality.sk/kolaudujeme-premiovy-3-i-apartman-s-balkonom-a-2-kupelnami-a-satnikom-bratislava-i-stare-mesto-r7981735.html,"KOLAUDUJEME  prémiový 3 i apartmán s balkónom a 2 kúpeľňami a šatníkom, Bratislava I – Staré Mesto",kželeznejstudienkestarémesto,564301.0,4625.422,122.0
https://www.topreality.sk/kolaudujeme-velkorysy-2-i-apartman-so-samostatnym-satnikom-a-terasou-bratislava-i-stare-mesto-r7807752.html,"KOLAUDUJEME Veľkorysý 2 i. apartmán so samostatným šatníkom a  terasou, Bratislava I – Staré Mesto",kželeznejstudienkestarémesto,490594.0,4419.762,111.0
https://www.topreality.sk/kolaudujeme-priestranny-3-izbovy-apartman-s-dvomi-kupelnami-a-balkonom-bratislava-i-stare-mesto-r7806062.html,"KOLAUDUJEME priestranný 3 izbový apartmán s dvomi kúpeľňami a balkónom, Bratislava I – Staré Mesto",kželeznejstudienkestarémesto,479522.0,4747.742,101.0
https://www.topreality.sk/kompletne-zariadeny-1-izbovy-apartman-v-ruzinove-r8217583.html,Kompletne zariadený 1-izbový apartmán v Ružinove,hraničnáružinov,169192.0,4585.142,37.0
https://www.topreality.sk/kompletne-zariadeny-1-izbovy-apartman-v-ruzinove-r8217582.html,Kompletne zariadený 1-izbový apartmán v Ružinove,hraničnáružinov,165460.0,4484.002,37.0
https://www.topreality.sk/kompletne-zariadeny-1-izbovy-apartman-v-ruzinove-r8217584.html,Kompletne zariadený 1-izbový apartmán v Ružinove,hraničnáružinov,167510.0,4539.582,37.0
https://www.topreality.sk/kompletne-zariadeny-1-izbovy-apartman-v-ruzinove-r8217586.html,Kompletne zariadený 1-izbový apartmán v Ružinove,hraničnáružinov,164899.0,4468.812,37.0
https://www.topreality.sk/kompletne-zariadeny-3-izbovy-apartman-s-terasou-v-ruzinove-r8432167.html,Kompletne zariadený 3-izbový apartmán s terasou v Ružinove,hraničnáružinov,267642.0,4505.762,59.0
https://www.topreality.sk/moderny-2-izbovy-byt-po-kompletnej-rekonstrukcii-r8444902.html,Moderný 2 izbový byt po kompletnej rekonštrukcií,záhradníckastarémesto,264900230.0,4415.002,60.0
https://www.nehnutelnosti.sk/5344605/moderny-zrekonstruovany-3-izbovy-byt-na-zaciatku-petrzalky/,Moderný zrekonštruovaný 3-izbový byt na začiatku Petržalky,mamateyovapetržalka,197900.0,2748.61,72.0
https://www.topreality.sk/moderny-zrekonstruovany-3-izbovy-byt-na-zaciatku-petrzalky-r8526229.html,Moderný zrekonštruovaný 3-izbový byt na začiatku Petržalky,mamateyovapetržalka,197900150.0,2748.612,72.0
https://www.topreality.sk/novostavba-2-izb-byt-cilizska-ul-vrakuna-r8515190.html,"NOVOSTAVBA  2 izb. byt, Čiližská ul., Vrakuňa",čiližskávrakuňa,138900150.0,3655.262,38.0
https://www.topreality.sk/nova-cena-4i-byt-s-velkorysou-vymerou-r8469934.html,NOVÁ CENA - 4I BYT S VEĽKORYSOU VÝMEROU,pražskánovémesto,356700.0,3120.462,114.0
https://www.topreality.sk/nova-cena-bytu-3-izbovy-byt-v-petrzalke-na-predaj-po-rekonstrukcii-kopcianska-ulica-r8459939.html,"NOVÁ CENA BYTU. 3 izbový byt v Petržalke na predaj, po rekonštrukcii, Kopčianska ulica",kopčianskapetržalka,175000200.0,2651.522,66.0
https://www.topreality.sk/na-predaj-3-izbovy-byt-v-centre-ba-medena-ulica-r7898191.html,"Na Predaj 3.izbový byt, v centre BA, Medená ulica",medenástarémesto,449000200.0,449000.002,1.0
https://www.topreality.sk/nestor-capital-bezkonkurencna-cena-velkometrazny-4-izbovy-byt-s-priestrannou-terasou-r8299761.html,Nestor Capital-Bezkonkurenčná Cena-Veľkometrážny 4-izbový byt s priestrannou terasou,rybničnávajnory,139900280.0,1271.822,110.0
https://www.topreality.sk/novostavba-3-izboveho-bytu-na-najvyssom-poschodi-so-zarukou-od-developera-ziaden-sused-nad-hlavou-r8449796.html,Novostavba 3 izbového bytu na najvyššom poschodí so zárukou od developera – žiaden sused „nad hlavou“!,ivanskácestaružinov,198000160.0,3098.592,64.0
https://www.topreality.sk/predaj-2-izbovy-byt-81m2-kresankova-ulica-bratislava-dlhe-diely-r8273915.html,"PREDAJ 2-izbový byt, 81m2, Kresánkova ulica, Bratislava - Dlhé Diely",kresánkovakarlovaves,250000150.0,3086.422,81.0
https://www.topreality.sk/predaj-pekny-3izbovy-byt-po-rekonstrukcii-na-sibirskej-ul-bratislava-cast-nove-mesto-r8527266.html,"PREDAJ!!! Pekný 3izbový byt po rekonštrukcii na Sibírskej ul., Bratislava časť Nové Mesto",sibírskanovémesto,220000125.0,3437.502,64.0
https://www.topreality.sk/priestrany-1-izbovy-byt-s-moznostou-okamziteho-nastahovania-r8087869.html,PRIESTRANÝ 1 IZBOVÝ BYT S MOŽNOSŤOU OKAMŽITÉHO NASŤAHOVANIA,rajeckávrakuňa,12490095.0,2757.172,45.0
https://www.topreality.sk/pohodlie-v-srdci-ruzinova-na-predaj-3-izbovy-byt-v-tesnej-blizkosti-oc-retro-bezbarierovy-byt-r8531479.html,Pohodlie v Srdci Ružinova – Na predaj 3 Izbový Byt v Tesnej Blízkosti OC RETRO ( bezbarierový byt),rumančekováružinov,225000200.0,3214.292,70.0
https://www.topreality.sk/ponukame-na-predaj-3-izbovy-byt-s-dvomi-loggiami-79m2-r8182626.html,Ponúkame na predaj 3 izbový byt s dvomi loggiami (79m2),dopravnárača,158000260.0,2000.002,79.0
https://www.topreality.sk/predaj-3i-byt-v-novostavbe-s-terasou-a-2-parkovacimi-statiami-v-projekte-tarjanne-dubravka-r8528599.html,"Predaj - 3i byt v novostavbe s terasou a 2 parkovacími státiami, v projekte TARJANNE DÚBRAVKA",martinagrancadúbravka,399900275.0,4039.392,99.0
https://www.topreality.sk/predaj-1-izb-byt-rybnicna-vajnory-8-9p-27-m2-lodzia-r8472129.html,"Predaj 1-izb. byt, Rybničná / Vajnory, 8/9p., 27 m2, lodžia",rybničnávajnory,8500068.0,3035.712,28.0
https://www.topreality.sk/predaj-2-2-izbovy-byt-73m2-loggia-tranovskeho-ulica-bratislava-dubravka-r8418178.html,"Predaj 2 + 2 izbový byt, 73m2, loggia, Tranovského ulica, Bratislava - Dúbravka",tranovskéhodúbravka,159000200.0,2178.082,73.0
https://www.topreality.sk/predaj-3-izbovy-byt-medzilaborecka-bratislava-ii-strkovec-r8528812.html,"Predaj 3 izbový byt Medzilaborecká, Bratislava II, Štrkovec",medzilaboreckáružinov,199000180.0,2653.332,75.0
https://www.topreality.sk/predaj-velky-1-izbovy-bzt-s-loggiou-v-novostavbe-tomasikova-ruzinov-r8463182.html,"Predaj veľký 1 izbový bzt s loggiou v novostavbe Tomášikova, Ružinov",tomášikovaružinov,183000100.0,3660.002,50.0
https://www.topreality.sk/predane-zrekonstruovany-1-5-izbovy-byt-na-bucinovej-so-znaleckym-posudkom-r8000371.html,"Predané: Zrekonštruovaný 1,5 izbový byt na Bučinovej so znaleckým posudkom",bučinovávrakuňa,142900118.0,3323.262,43.0
https://www.topreality.sk/predame-2-izbovy-podkrovny-byt-v-centre-ba-58m2-oproti-2levom-r7898288.html,"Predáme 2 -izbový podkrovný byt v centre BA, 58m2, oproti 2LEVOM",dobrovskéhostarémesto,26900080.0,269000.002,1.0
https://www.topreality.sk/predame-2-izb-byt-56m2-trebisovska-ul-bratislava-ruzinov-r8322665.html,"Predáme 2 izb. byt, 56m2, Trebišovská ul., Bratislava – Ružinov",trebišovskáružinov,165000100.0,2946.432,56.0
https://www.topreality.sk/predame-4i-byt-po-ciastocnej-rekonstrukcii-na-polnohospodarskej-ul-bratislava-cast-vrakuna-r8531712.html,"Predáme 4i byt po čiastočnej rekonštrukcii na Poľnohospodárskej ul., Bratislava časť Vrakúňa",poľnohospodárskavrakuňa,137500165.0,1656.632,83.0
https://www.topreality.sk/predame-pekny-5-izb-byt-s-velkou-loggiou-a-2-satnikmi-v-karlovej-vsi-gabcikova-ul-91-63-m2-10-38-m2-loggia-r8523666.html,"Predáme pekný 5 izb. byt s veľkou loggiou a 2 šatníkmi, v Karlovej Vsi, Gabčíkova ul., 91,63 m2 + 10,38 m2 loggia",gabčíkovakarlovaves,255000250.0,2782.932,92.0
https://www.topreality.sk/ruzinov-vlcie-hrdlo-2i-byt-45-m2-kompletna-rekonstrukcia-ihned-k-dispozicii-r8282500.html,"RUŽINOV - Vlčie hrdlo - 2i byt, 45 m2 - kompletná rekonštrukcia, IHNEĎ K DISPOZÍCII",vlčiehrdloružinov,114990120.0,2309.042,50.0
https://www.topreality.sk/rezervovane-na-predaj-3-izbovy-byt-dnv-nepriechodne-izby-loggia-r8402791.html,"Rezervované: Na predaj 3 izbový byt DNV, nepriechodné izby, loggia",jánasmrekadevínskanováves,162000115.0,2314.292,70.0
https://www.topreality.sk/rinok-raca-1i-byt-v-standarde-kolaudacia-2024-r8443328.html,RÍNOK RAČA 1i BYT V ŠTANDARDE - KOLAUDÁCIA 2024,kubačovarača,184991.0,4128.352,45.0
https://www.topreality.sk/slnecny-1i-byt-novostavba-fuxova-loggia-bosakova-ulica-zac-petrzalky-r8520370.html,"SLNEČNÝ 1i byt, NOVOSTAVBA FUXOVA, LOGGIA, Bosákova ulica, Zač. Petržalky",bosákovapetržalka,159900100.0,4105.262,39.0
https://www.topreality.sk/svoboda-williams-i-3-izbovy-byt-s-2-velkymi-terasami-a-garazovym-statim-pri-drazdiaku-r8516027.html,SVOBODA & WILLIAMS I 3-izbový byt s 2 veľkými terasami a garážovým státím pri Draždiaku,petržalka,419000300.0,2738.562,153.0
https://www.topreality.sk/slnecny-teply-a-utulny-byt-v-oblubenej-lokalite-s-2-balkonmi-r8517487.html,"Slnečný, teplý a útulný byt v obľúbenej lokalite s 2 balkónmi.",ružinov,199000192.0,2926.472,68.0
https://www.topreality.sk/svetly-2-izbovy-byt-po-kompletnej-rekonstrukcii-v-centre-mesta-r8496647.html,Svetlý 2 izbový byt po kompletnej rekonštrukcii v centre mesta,špitálskastarémesto,224529130.0,4438.212,51.0
https://www.topreality.sk/svetly-2-izbovy-byt-po-kompletnej-rekonstrukcii-v-centre-mesta-r8495425.html,Svetlý 2 izbový byt po kompletnej rekonštrukcii v centre mesta,špitálskastarémesto,247279130.0,4836.282,51.0
https://www.topreality.sk/svetly-2-izbovy-byt-po-kompletnej-rekonstrukcii-v-centre-mesta-r8495424.html,Svetlý 2 izbový byt po kompletnej rekonštrukcii v centre mesta,špitálskastarémesto,251845130.0,4935.232,51.0
https://www.topreality.sk/svetly-2-izbovy-byt-po-kompletnej-rekonstrukcii-v-centre-mesta-r8496619.html,Svetlý 2 izbový byt po kompletnej rekonštrukcii v centre mesta,špitálskastarémesto,205856120.0,4543.282,45.0
https://www.topreality.sk/svetly-2-izbovy-byt-po-kompletnej-rekonstrukcii-v-centre-mesta-r8495516.html,Svetlý 2 izbový byt po kompletnej rekonštrukcii v centre mesta,špitálskastarémesto,242667130.0,4609.942,53.0
https://www.topreality.sk/svetly-3-izbovy-byt-po-kompletnej-rekonstrukcii-v-centre-mesta-r8496618.html,Svetlý 3 izbový byt po kompletnej rekonštrukcii v centre mesta,špitálskastarémesto,307815150.0,4232.302,73.0
https://www.reality.sk//byty/svetly-3-izbovy-byt-po-kompletnej-rekonstrukcii-v-centre-mesta/JuD8FBYboor/,Svetlý 3 izbový byt po kompletnej rekonštrukcii v centre mesta,špitálskastarémesto,307815.0,4232.0,72.73
https://www.topreality.sk/novozrekonstruovany-2izbovy-byt-so-satnikom-62m2-ba-ruzinov-stefunkova-3-7-posch-rekonstrukcia-r8380245.html,"novozrekonštruovaný   2izbový byt so šatníkom, 62m2, BA - Ružinov ,  Štefunkova   3/7 posch. ,  rekonštrukcia",štefunkovaružinov,209000140.0,3370.972,62.0
https://www.topreality.sk/tichy-slnecny-byt-v-centre-r8117991.html,tichý slnečný byt v centre,karadžičovastarémesto,16800098.0,3775.282,45.0
https://www.topreality.sk/lemonpie-ponuka-exkluzivne-na-predaj-svetly-a-priestranny-1-izbovy-byt-v-novostavbe-radnicne-namestie-v-raci-r8525633.html,​​Lemonpie ponúka exkluzívne na predaj svetlý a priestranný 1-izbový byt v novostavbe Radničné Námestie v Rači,rustavelihorača,146000119.0,3945.952,37.0
https://www.reality.sk//byty//JuWn8PH7X62/,,mlynskénivyružinov,353065.2,4115.0,85.8
https://www.reality.sk//byty//JurI_mbxbNt/,,mlynskénivyružinov,220982.4,4201.0,52.6
https://www.reality.sk//byty//Ju2ODNC4KNT/,,svätoplukovaružinov,510063.6,6819.0,74.8
https://www.reality.sk//byty//JuDphNkU9L4/,,svätoplukovaružinov,241884.0,6573.0,36.8
https://www.reality.sk//byty//JuUNBnPFaHT/,,svätoplukovaružinov,249022.8,6975.0,35.7
https://www.reality.sk//byty//JuJ1uzL92rZ/,,hraničnáružinov,202152.0,4605.0,43.9
https://www.reality.sk//byty//JuzNanKaaCC/,,hraničnáružinov,121605.6,4923.0,24.7
https://www.reality.sk//byty//JunKfqywk_u/,,hraničnáružinov,121045.2,4901.0,24.7
https://www.reality.sk//byty//Ju6HTwzKJ5i/,,hraničnáružinov,171337.2,3868.0,44.3
https://www.reality.sk//byty//JubXtL6f-8H/,,hraničnáružinov,121057.2,4901.0,24.7
https://www.reality.sk//byty//JuVxiUwgMdz/,,hraničnáružinov,120560.4,4881.0,24.7
https://www.reality.sk//byty//JuqiYTZOXCd/,,hraničnáružinov,199538.7,4545.0,43.9
https://www.reality.sk//byty//JuqFPRn7xO9/,,hraničnáružinov,200188.8,4550.0,44.0
https://www.reality.sk//byty//JuUdOuKogG1/,,hraničnáružinov,119600.4,4842.0,24.7
https://www.reality.sk//byty//Ju71RF_bSAt/,,hraničnáružinov,243836.86,4112.0,59.3
https://www.reality.sk//byty//Jutf9DWtN5t/,,hraničnáružinov,169966.8,4606.0,36.9
https://www.reality.sk//byty//JuUEqKsYjKS/,,hraničnáružinov,172006.8,4661.0,36.9
https://www.reality.sk//byty//JuOrYNtNnIt/,,hraničnáružinov,238198.82,4010.0,59.4
https://www.reality.sk//byty//JukADZ7c2zG/,,hraničnáružinov,236053.22,3974.0,59.4
https://www.reality.sk//byty//JuAhEwaVFDw/,,hraničnáružinov,169449.6,4592.0,36.9
https://www.reality.sk//byty//JuPkbpCeqf7/,,hraničnáružinov,267118.7,4497.0,59.4
https://www.reality.sk//byty//JuKwVD8nYf0/,,hraničnáružinov,283395.5,4937.0,57.4
https://www.reality.sk//byty//JucX_dzFPct/,,hraničnáružinov,173665.2,4706.0,36.9
https://www.reality.sk//byty//JufWCGy9v6k/,,svätoplukovaružinov,240248.4,6528.0,36.8
